{"cameraMode":{"drawMode":0,"name":"Shaded","section":"Shading Mode"},"sceneLighting":true,"audioPlay":false,"sceneViewState":{"showFog":true,"showMaterialUpdate":false,"showSkybox":true,"showFlares":true,"showImageEffects":true,"showParticleSystems":true},"in2DMode":false,"pivot":{"x":554.565673828125,"y":1.9947788715362549,"z":540.9569091796875},"rotation":{"x":0.15642067790031434,"y":-0.6532133221626282,"z":0.14047014713287354,"w":0.7274389863014221},"size":6.533280372619629,"orthographic":false}