{"cameraMode":{"drawMode":0,"name":"Shaded","section":"Shading Mode"},"sceneLighting":true,"audioPlay":false,"sceneViewState":{"showFog":true,"showMaterialUpdate":false,"showSkybox":true,"showFlares":true,"showImageEffects":true,"showParticleSystems":true},"in2DMode":false,"pivot":{"x":549.731201171875,"y":1.092409372329712,"z":542.9448852539063},"rotation":{"x":-0.13738484680652619,"y":0.5739602446556091,"z":-0.09841153770685196,"w":-0.8012595772743225},"size":1.8359439373016358,"orthographic":false}