{"cameraMode":{"drawMode":0,"name":"Shaded","section":"Shading Mode"},"sceneLighting":true,"audioPlay":false,"sceneViewState":{"showFog":true,"showMaterialUpdate":false,"showSkybox":true,"showFlares":true,"showImageEffects":true,"showParticleSystems":true},"in2DMode":false,"pivot":{"x":233.405517578125,"y":1.5383533239364625,"z":31.97603988647461},"rotation":{"x":-0.04200977459549904,"y":-0.11220479011535645,"z":0.004958841484040022,"w":-0.9928913712501526},"size":0.9066149592399597,"orthographic":false}